{
  "hash": "1a588835",
  "configHash": "1feb326b",
  "lockfileHash": "9da04e44",
  "browserHash": "8a4a1d69",
  "optimized": {
    "@angular/common": {
      "src": "../../../../../../node_modules/@angular/common/fesm2022/common.mjs",
      "file": "@angular_common.js",
      "fileHash": "0970194d",
      "needsInterop": false
    },
    "@angular/common/http": {
      "src": "../../../../../../node_modules/@angular/common/fesm2022/http.mjs",
      "file": "@angular_common_http.js",
      "fileHash": "e70d803b",
      "needsInterop": false
    },
    "@angular/core": {
      "src": "../../../../../../node_modules/@angular/core/fesm2022/core.mjs",
      "file": "@angular_core.js",
      "fileHash": "95e4884d",
      "needsInterop": false
    },
    "@angular/forms": {
      "src": "../../../../../../node_modules/@angular/forms/fesm2022/forms.mjs",
      "file": "@angular_forms.js",
      "fileHash": "0e111e38",
      "needsInterop": false
    },
    "@angular/platform-browser": {
      "src": "../../../../../../node_modules/@angular/platform-browser/fesm2022/platform-browser.mjs",
      "file": "@angular_platform-browser.js",
      "fileHash": "266f4ae8",
      "needsInterop": false
    },
    "@angular/router": {
      "src": "../../../../../../node_modules/@angular/router/fesm2022/router.mjs",
      "file": "@angular_router.js",
      "fileHash": "1d3f90c9",
      "needsInterop": false
    },
    "@ionic/angular/standalone": {
      "src": "../../../../../../node_modules/@ionic/angular/fesm2022/ionic-angular-standalone.mjs",
      "file": "@ionic_angular_standalone.js",
      "fileHash": "26bec9b8",
      "needsInterop": false
    },
    "rxjs": {
      "src": "../../../../../../node_modules/rxjs/dist/esm5/index.js",
      "file": "rxjs.js",
      "fileHash": "e4aeee6a",
      "needsInterop": false
    },
    "swiper/element/bundle": {
      "src": "../../../../../../node_modules/swiper/swiper-element-bundle.mjs",
      "file": "swiper_element_bundle.js",
      "fileHash": "23dacef2",
      "needsInterop": false
    },
    "ionicons": {
      "src": "../../../../../../node_modules/ionicons/dist/index.js",
      "file": "ionicons.js",
      "fileHash": "d877bdb1",
      "needsInterop": false
    },
    "ionicons/icons": {
      "src": "../../../../../../node_modules/ionicons/icons/index.mjs",
      "file": "ionicons_icons.js",
      "fileHash": "8a61b13b",
      "needsInterop": false
    }
  },
  "chunks": {
    "swipe-back-MOYGB6KG": {
      "file": "swipe-back-MOYGB6KG.js"
    },
    "keyboard2-66YWXDSS": {
      "file": "keyboard2-66YWXDSS.js"
    },
    "index9-YJMFUVPC": {
      "file": "index9-YJMFUVPC.js"
    },
    "status-tap-BLGCJ4W6": {
      "file": "status-tap-BLGCJ4W6.js"
    },
    "input-shims-LOQAP4YP": {
      "file": "input-shims-LOQAP4YP.js"
    },
    "focus-visible-RAFDA6YZ": {
      "file": "focus-visible-RAFDA6YZ.js"
    },
    "shadow-css-KQBFNRGS": {
      "file": "shadow-css-KQBFNRGS.js"
    },
    "ios.transition-XZQJYMLB": {
      "file": "ios__transition-XZQJYMLB.js"
    },
    "md.transition-LXWNBVEF": {
      "file": "md__transition-LXWNBVEF.js"
    },
    "index3-VXTLLDIH": {
      "file": "index3-VXTLLDIH.js"
    },
    "hardware-back-button-PONL4ZDZ": {
      "file": "hardware-back-button-PONL4ZDZ.js"
    },
    "chunk-EUT5B6DW": {
      "file": "chunk-EUT5B6DW.js"
    },
    "chunk-T7NLFTSM": {
      "file": "chunk-T7NLFTSM.js"
    },
    "chunk-S73DE2HG": {
      "file": "chunk-S73DE2HG.js"
    },
    "chunk-VW7DEYFY": {
      "file": "chunk-VW7DEYFY.js"
    },
    "chunk-7Q5HCUSL": {
      "file": "chunk-7Q5HCUSL.js"
    },
    "chunk-J4U3BZIF": {
      "file": "chunk-J4U3BZIF.js"
    },
    "chunk-6UD4V6V3": {
      "file": "chunk-6UD4V6V3.js"
    },
    "chunk-EJTAPLAC": {
      "file": "chunk-EJTAPLAC.js"
    },
    "chunk-VEV5BJ2D": {
      "file": "chunk-VEV5BJ2D.js"
    },
    "chunk-OKPK4C3D": {
      "file": "chunk-OKPK4C3D.js"
    },
    "chunk-4AF7KAXZ": {
      "file": "chunk-4AF7KAXZ.js"
    },
    "chunk-HDD6I4HK": {
      "file": "chunk-HDD6I4HK.js"
    },
    "chunk-IDWKFNXT": {
      "file": "chunk-IDWKFNXT.js"
    },
    "chunk-BBHNRBDL": {
      "file": "chunk-BBHNRBDL.js"
    },
    "chunk-ACUVEYEP": {
      "file": "chunk-ACUVEYEP.js"
    },
    "chunk-U6OBB72V": {
      "file": "chunk-U6OBB72V.js"
    },
    "chunk-XNKNU4PA": {
      "file": "chunk-XNKNU4PA.js"
    },
    "chunk-KPUQPVJE": {
      "file": "chunk-KPUQPVJE.js"
    },
    "chunk-KL2HAT6H": {
      "file": "chunk-KL2HAT6H.js"
    },
    "chunk-HMYH5TKQ": {
      "file": "chunk-HMYH5TKQ.js"
    },
    "chunk-6OS6DNZG": {
      "file": "chunk-6OS6DNZG.js"
    },
    "chunk-ILOBLWYU": {
      "file": "chunk-ILOBLWYU.js"
    },
    "chunk-ZVATTXSA": {
      "file": "chunk-ZVATTXSA.js"
    }
  }
}